epoch,accuracy,loss,val_accuracy,val_loss
0,0.6424075961112976,0.023561691865324974,0.7076197266578674,0.01554186549037695
1,0.7034995555877686,0.01301833987236023,0.7091609239578247,0.011746001429855824
2,0.7087429761886597,0.01075784582644701,0.7079882025718689,0.010304477997124195
